{
    "DATABASE_CONNECTION_STRING": "host=%s user=%s password=%s dbname=%s port=%s sslmode=%s",
    "DATABASE_DRIVER": "postgres",
    "DATABASE_HOST": "localhost",
    "DATABASE_NAME": "medicplus-feedback",
    "DATABASE_PASS": "password",
    "DATABASE_PORT": "5432",
    "DATABASE_SSL": "disable",
    "DATABASE_USER": "postgres",
    "HTTP_PORT": ":8001",
    "HTTP_PROFILER_PORT": ":9100",
    "MIGRATION_PATH": "database/migrations",
    "REDIS_ADDRESS": "127.0.0.1:6379",
    "REDIS_DB": "0",
    "REDIS_PASSWORD": "",
    "USER_DEFAULT_ROLE":"becdd3c3-6e9d-4fb9-9f05-6d183c87de16",
    "ENV": "development",
    "JWT_SECRET":""
}